序号,日期,大类事项,二类事项,具体行动,KPI,主要工具（字节/腾讯/阿里）,国内备选/国际备选,实施细则,开始日期,结束日期,费用（元）,执行要点,前置条件,状态
1,10-1.三,01-战略规划,市场洞察,事项1：阅读CNNIC报告；事项2：笔记整理新中年趋势,洞察笔记5页,腾讯文档,飞书/Notion,提取3关键数据；RGB视觉标注,10-1,10-1,0,国庆轻度，聚焦趋势痛点,无,
2,10-2.四,01-战略规划,市场洞察,事项1：访谈准备SOP；事项2：复盘Day1输出,SOP初稿完成,混元API（生成模板）,豆包AI/ChatGPT,设计10问题访谈脚本,10-2,10-2,0,确保问题针对40+群体,Day1笔记,
3,10-3.五,01-战略规划,市场洞察,事项1：初步访谈3人（线上），记录,访谈记录3份,腾讯会议,飞书会议/Zoom,录音转录；提炼痛点词汇,10-3,10-3,0,互动率100%；备份日志,SOP,
4,10-4.六,01-战略规划,市场洞察,事项1：分析访谈数据；事项2：更新用户档案,档案草稿,函数计算（数据汇总）,字节云/Excel,分类痛点（事业/家庭）,10-4,10-4,0,覆盖5痛点,访谈记录,
5,10-5.日,01-战略规划,市场洞察,事项1：竞争格局初研（樊登等）；事项2：复盘,竞争笔记3页,混元API（搜索总结）,头条搜索/Gemini,识别蓝海机遇,10-5,10-5,0,差异化定位“领航员”,档案,
5.5,10-5.日,03-工具与技术栈,多魔汰系统搭建,事项1：多魔汰初配置（混元API接入+辩论模块）；事项2：测试脚本生成,配置完成80%,混元API + 多魔汰配置,豆包AI/Zapier,绑定域名；生成1篇样例辩论,10-5,10-5,0,与战略洞察联动痛点词汇,序号5竞争笔记,
5.6,10-6.一,03-工具与技术栈,百问系统搭建,事项1：rrxs.xyz备案&表单开发；事项2：企业微信集成测试,网站上线测试,阿里域名 + 云开发,字节云/GoDaddy,自测表单→微信跳转；备份计划,10-6,10-6,50,转化路径模拟≥15%,多魔汰配置,
5.7,10-7.二,03-工具与技术栈,百问系统搭建,事项1：知识星球开通&积分系统；事项2：LTV初步追踪框架,星球就绪,字节知识星球 + 函数计算,飞书社区/Airtable,8折裂变规则；邀请访谈用户,10-7,10-7,0,免费群预热,网站测试,
6,10-6.一,01-战略规划,市场洞察,事项1：扩展访谈5人，记录,访谈记录8份总,企业微信（预约）,飞书通讯/Slack,聚焦下半场规划,10-6,10-6,0,收集LTV初步反馈,竞争笔记,
7,10-7.二,01-战略规划,市场洞察,事项1：汇总周1洞察；事项2：AARRR框架草图,框架初稿,腾讯文档,飞书/Canva,绘制增长引擎图,10-7,10-7,0,国庆结束，验证假设,访谈总,
8,10-8.三,01-战略规划,用户画像,事项1：构建用户画像地图；事项2：痛点词汇库,画像1版,混元API（生成地图）,豆包AI/Claude,30人访谈整合,10-8,10-8,0,旅程地图覆盖获取-收入,周1汇总,
9,10-9.四,01-战略规划,用户画像,事项1：访谈续10人，记录,访谈记录18份,腾讯会议,飞书会议/Teams,深度痛点挖掘,10-9,10-9,0,活跃互动≥80%,画像地图,
10,10-10.五,01-战略规划,用户画像,事项1：更新档案；事项2：风险备份初设,备份计划,RPA（自动化日志）,字节云/Airtable,合规模块测试,10-10,10-10,0,风险<5%,访谈续,
10.5,10-10.五,07-资源库,品牌资产搭建,事项1：RGB视觉模板设计（封面/PDF钩子）；事项2：外部教程收集,资产包初版,腾讯文档 + Canva,飞书/Notion,注入Slogan；备份到星球,10-10,10-10,0,IP一致性测试,序号10备份,
10.6,10-10.五,07-资源库,备份同步,事项1：多平台资源备份SOP；事项2：历史日志模板更新,备份率100%,RPA + 腾讯文档,字节云/Dropbox,风险<5%；链接到06仪表盘,10-10,10-10,0,全项目资产包,品牌资产,
11,10-11.六,01-战略规划,用户画像,事项1：痛点词汇库扩展；事项2：复盘,词汇库50词,腾讯文档,飞书/Evernote,分类情感/实用,10-11,10-11,0,注入Slogan测试,备份,
12,10-12.日,01-战略规划,竞争格局,事项1：竞争分析深化（5竞品），记录,分析报告,混元API（比较）,豆包AI/Grok,蓝海SWOT,10-12,10-12,0,差异化≥3点,词汇库,
13,10-13.一,01-战略规划,竞争格局,事项1：访谈续7人；事项2：整合画像,访谈25份总,企业微信,飞书通讯/Discord,反馈循环,10-13,10-13,0,画像迭代,分析报告,
14,10-14.二,01-战略规划,竞争格局,事项1：AARRR验证初；事项2：周2复盘,验证笔记,函数计算,字节云/Airtable,模拟增长路径,10-14,10-14,0,转化率假设≥15%,访谈25,
15,10-15.三,01-战略规划,商业模式,事项1：商业模式细化（收入路径）,模式1版,腾讯文档,飞书/Canva,信任阶梯图,10-15,10-15,0,￥2-5万目标拆解,AARRR,
16,10-16.四,01-战略规划,商业模式,事项1：访谈续5人；事项2：数据迭代框架，记录,访谈30份总,混元API,豆包AI/Claude,KPI拆解,10-16,10-16,0,全程迭代循环,模式,
17,10-17.五,01-战略规划,商业模式,事项1：财务推演初；事项2：复盘,推演草稿,函数计算,字节云/Airtable,预算<300/月,10-17,10-17,0,风险管理融入,访谈30,
18,10-18.六,01-战略规划,数据迭代,事项1：KPI仪表盘设计,仪表盘原型,RPA（数据流）,字节云/Tableau,周/月追踪模板,10-18,10-18,0,粉丝1000路径,推演,
19,10-19.日,01-战略规划,数据迭代,事项1：历史日志启动；事项2：战略报告整合,日志模板,腾讯文档,飞书/OneNote,100天记录,10-19,10-19,0,备份同步,仪表盘,
20,10-20.一,01-战略规划,数据迭代,事项1：访谈总结；事项2：周3复盘,总结报告,混元API（提炼）,豆包AI/Gemini,痛点Top10,10-20,10-20,0,准备行动过渡,日志,
21,10-21.二,01-战略规划,整体复盘,事项1：战略篇最终输出（报告+脑图）,战略完成100%,腾讯文档 + Mermaid,飞书/Miro,链接到战略篇,10-21,10-21,0,行动前置就绪,总结,
22,10-22.三,02-行动计划,月1基础搭建,事项1：规划周1公域试水；事项2：选题1篇（中年转型）,笔记1篇；新增1人,混元API + RPA,豆包AI/Airtable,AI初稿+润色；小红书发布,10-22,10-22,0,钩子PDF嵌入；互动回复,战略完成,
23,10-23.四,02-行动计划,月1基础搭建,事项1：互动监测；事项2：复盘Day22,回复5条,企业微信,飞书通讯/Slack,引导添加微信,10-23,10-23,0,转化≥10%,笔记发布,
24,10-24.五,02-行动计划,月1基础搭建,事项1：内容产出2（知乎回答）,回答1篇；新增2人,混元API,豆包AI/Claude,多魔汰优化标题,10-24,10-24,0,SEO关键词“下半场规划”,Day23互动,
25,10-25.六,02-行动计划,月1基础搭建,事项1：访谈用户邀请群；事项2：朋友圈分享,群成员3人,企业微信（建群）,飞书群组/Discord,分享钩子PDF,10-25,10-25,0,活跃测试,内容产出,
26,10-26.日,02-行动计划,月1基础搭建,事项1：笔记3篇草稿；事项2：复盘,草稿完成,腾讯文档,飞书/Evernote,RGB封面设计,10-26,10-26,0,日均产出,群邀请,
27,10-27.一,02-行动计划,月1基础搭建,事项1：发布笔记3；互动10条,新增3人总,RPA（定时发）,字节云/Airtable,24h回复,10-27,10-27,0,下载率≥50%,草稿,
28,10-28.二,02-行动计划,月1基础搭建,事项1：周1复盘；事项2：优化钩子,粉丝10总；复盘100%,函数计算,字节云/Tableau,调整PDF,10-28,10-28,0,规划周2,周1行动,
29,10-29.三,02-行动计划,月1基础搭建,事项1：私域承接启动（群早报）；事项2：分享进展,群活跃5人,企业微信,飞书通讯/Teams,点名互动,10-29,10-29,0,邀请访谈用户,周1复盘,
30,10-30.四,02-行动计划,月1基础搭建,事项1：内容分享1周总结,分享1篇；反馈3条,腾讯文档,飞书/OneNote,答疑收集,10-30,10-30,0,群20人目标推进,早报,
31,10-31.五,02-行动计划,月1基础搭建,事项1：规划周2内容；事项2：产出笔记4,笔记1篇,混元API,豆包AI/Gemini,故事注入,10-31,10-31,0,多魔汰辩论,分享,
32,11-1.六,02-行动计划,月1基础搭建,事项1：群内活动（PDF群发）；事项2：复盘,成员15人,企业微信,飞书群组/Discord,活跃测试,11-1,11-1,0,分享“计划第1周”,笔记4,
33,11-2.日,02-行动计划,月1基础搭建,事项1：私域互动深化,互动10条,微信群发,飞书通讯/Slack,互助分享,11-2,11-2,0,反馈优化,群发,
34,11-3.一,02-行动计划,月1基础搭建,事项1：内容5篇草稿；事项2：发布,新增5人总,RPA,字节云/Airtable,SEO优化,11-3,11-3,0,点击≥20%,互动,
35,11-4.二,02-行动计划,月1基础搭建,事项1：周2复盘；事项2：邀请星球测试,群20人；复盘,函数计算,字节云/Tableau,转化追踪,11-4,11-4,0,结束周2活跃,发布,
36,11-5.三,02-行动计划,月1基础搭建,事项1：初步复盘启动（数据分析）,粉丝50总,函数计算,字节云/Excel,提炼优化点,11-5,11-5,0,跳出率<40%,周2复盘,
37,11-6.四,02-行动计划,月1基础搭建,事项1：更新FAQ；事项2：迭代邀请,邀请3人,知识星球,飞书社区/Reddit,个性化私信,11-6,11-6,0,基于反馈,数据分析,
38,11-7.五,02-行动计划,月1基础搭建,事项1：网站自测表单测试；事项2：复盘,完成率20%,混元API（报告）,豆包AI/SurveyMonkey,模拟用户,11-7,11-7,0,跳转微信测试,邀请,
39,11-8.六,02-行动计划,月1基础搭建,事项1：工具深化（报告生成）,访问10/日,云开发,字节云/Vercel,个性化诊断,11-8,11-8,0,转化≥15%,自测,
40,11-9.日,02-行动计划,月1基础搭建,事项1：周3复盘；事项2：星球测试,测试2人,知识星球,飞书社区/LinkedIn,风险低响应,11-9,11-9,0,LTV初步,工具,
41,11-10.一,02-行动计划,月1基础搭建,事项1：数据积累分析；事项2：规划,复盘80%,RPA（备份）,字节云/Dropbox,更新月1报告,11-10,11-10,0,粉丝100推进,周3,
42,11-11.二,02-行动计划,月1基础搭建,事项1：自测测试续,完成率40%,阿里万网,字节域名/GoDaddy,10用户模拟,11-11,11-11,0,表单优化,数据,
43,11-12.三,02-行动计划,月1基础搭建,事项1：周4启动；事项2：全周复盘,KPI达80%,函数计算,字节云/Airtable,月1中复盘,11-12,11-12,0,粉丝150,测试,
44,11-13.四,02-行动计划,月1基础搭建,事项1：网站集成深化；事项2：备份,访问20/日,云开发,字节云/Netlify,报告自动化,11-13,11-13,0,风险备份,周4,
45,11-14.五,02-行动计划,月1基础搭建,事项1：工具测试（多魔汰）,系统就绪,多魔汰配置,字节云/Zapier,辩论优化1篇,11-14,11-14,0,与内容联动,备份,
46,11-15.六,02-行动计划,月1基础搭建,事项1：邀请5人；事项2：互动,新增5人,企业微信,飞书通讯/Telegram,私域沉淀,11-15,11-15,0,群活跃,测试,
47,11-16.日,02-行动计划,月1基础搭建,事项1：月1复盘初；事项2：规划月2,粉丝180,函数计算,字节云/Excel,钩子迭代,11-16,11-16,0,验证200目标,邀请,
48,11-17.一,02-行动计划,月1基础搭建,事项1：自测完成,完成率50%,混元API,豆包AI/Typeform,最终测试,11-17,11-17,0,转化15%,复盘,
49,11-18.二,02-行动计划,月1基础搭建,事项1：周4复盘；事项2：月KPI检查,达标90%,RPA,字节云/Airtable,规划加速,11-18,11-18,0,粉丝200近,自测,
50,11-19.三,02-行动计划,月1基础搭建,事项1：备份月1日志；事项2：过渡月2,日志更新,腾讯文档,飞书/OneNote,历史记录,11-19,11-19,0,风险总结,KPI,
51,11-20.四,02-行动计划,月1基础搭建,事项1：月1收尾（报告输出），参考02-行动计划/千锤百问.汇总v3_百日千粉行动计划脑图,粉丝200达标,函数计算,字节云/Google Sheets,分享群内；钩子优化,11-20,11-20,60,总费用控制；风险总结,日志,
52,11-21.五,02-行动计划,月2内容加速,事项1：规划周5长文；事项2：产出1篇公众号，参考04-内容创作与输出/选题库与SOP,长文1篇；新增3人,混元API + 文档,豆包AI/Notion,AI80%+手动；SEO副业关键词,11-21,11-21,0,工具包升级；新增8人/日,月1报告,
53,11-22.六,02-行动计划,月2内容加速,事项1：笔记输出2篇；事项2：复盘，参考04-内容创作与输出/选题库与SOP,笔记2篇,RPA（发布）,字节云/Zapier,多魔汰标题；点击≥20%,11-22,11-22,0,日1篇笔记；故事注入,长文,
54,11-23.日,02-行动计划,月2内容加速,事项1：长文2完成发布，参考04-内容创作与输出/选题库与SOP,发布1篇；互动8人,腾讯文档,飞书/Canva,嵌入RGB封面；公众号互动,11-23,11-23,0,粉丝250总；反馈收集,笔记,
55,11-24.一,02-行动计划,月2内容加速,事项1：笔记加速3；事项2：监测，参考04-内容创作与输出/选题库与SOP,笔记1篇/日,混元API,豆包AI/Google Docs,日产出；新增4人,11-24,11-24,0,SEO中年关键词,发布,
56,11-25.二,02-行动计划,月2内容加速,事项1：笔记4；事项2：周5复盘，参考06-数据复盘与迭代/周/月KPI仪表盘,4篇总；复盘,函数计算,字节云/Google Analytics,工具包升级；粉丝280总,11-25,11-25,0,点击率≥20%,监测,
57,11-26.三,02-行动计划,月2内容加速,事项1：视频脚本准备1，参考04-内容创作与输出/选题库与SOP,脚本1套,混元API（脚本）,豆包AI/ChatGPT,1-2min故事；准备周6,11-26,11-26,0,注入痛点,复盘,
58,11-27.四,02-行动计划,月2内容加速,事项1：笔记5；事项2：视频初剪，参考04-内容创作与输出/选题库与SOP,笔记1篇；视频草,剪映,字节视频/CapCut,RGB视觉；日1条,11-27,11-27,0,新增5人,脚本,
59,11-28.五,02-行动计划,月2内容加速,事项1：视频1发布；事项2：直播测试准备，参考04-内容创作与输出/选题库与SOP,视频1条；观看10,剪映 + RPA,字节云/StreamYard,PDF钩子；周6启动,11-28,11-28,0,观看≥50,初剪,
60,11-29.六,02-行动计划,月2内容加速,事项1：视频2产出，参考04-内容创作与输出/选题库与SOP,视频1条/日,混元API,豆包AI/Gemini,故事视频；粉丝300总,11-29,11-29,0,转化≥20%,发布,
60.5,11-29.六,03-工具与技术栈,多魔汰集成测试,事项1：多魔汰视频优化模块接入；事项2：剪映联动测试,集成就绪90%,多魔汰 + 剪映,豆包AI/CapCut,生成1条视频辩论；API限额检查,11-29,11-29,0,支持月2视频产出,视频2产出,
61,11-30.日,02-行动计划,月2内容加速,事项1：视频3草稿；事项2：互动监测，参考06-数据复盘与迭代/周/月KPI仪表盘,互动15条,企业微信,飞书通讯/Slack,直播邀请；新增6人,11-30,11-30,0,PDF下载追踪,视频2,
62,12-1.一,02-行动计划,月2内容加速,事项1：直播测试1次；事项2：复盘，参考04-内容创作与输出/选题库与SOP,1次直播；观看20,腾讯会议,飞书会议/Zoom,群用户反馈；粉丝320总,12-1,12-1,0,30min答疑,监测,
63,12-2.二,02-行动计划,月2内容加速,事项1：视频3完成发布，参考04-内容创作与输出/选题库与SOP,3条总；新增7人,剪映,字节视频/iMovie,嵌入故事；周6复盘,12-2,12-2,0,观看≥50,直播,
64,12-3.三,02-行动计划,月2内容加速,事项1：周6复盘；事项2：社群深化准备，参考05-社群与用户管理/免费社群运营,复盘100%,函数计算,字节云/Google Analytics,活跃率≥50%,12-3,12-3,0,规划周7,视频3,
65,12-4.四,02-行动计划,月2内容加速,事项1：付费课草稿（￥49）；事项2：群打卡测试，参考05-社群与用户管理/免费社群运营,付费草稿；活跃10人,知识星球,飞书社区/Discord,打卡挑战；粉丝340总,12-4,12-4,0,积分奖励,复盘,
65.5,12-4.四,05-社群与用户管理,社群工具校验,事项1：企业微信标签+星球积分集成；事项2：LTV初步反馈循环测试,工具就绪95%,企业微信 + 知识星球,飞书/LinkedIn,导入月1用户；活跃率测试,12-4,12-4,0,支持02+社群深化,付费草稿,
66,12-5.五,02-行动计划,月2内容加速,事项1：主题活动启动（每日监督），参考05-社群与用户管理/免费社群运营,打卡100%,微信群发,飞书群组/Telegram,互助分享；新增8人,12-5,12-5,0,反馈优化,草稿,
67,12-6.六,02-行动计划,月2内容加速,事项1：付费测试邀请；事项2：互动，参考05-社群与用户管理/免费社群运营,转化5人,星球 + 微信,飞书通讯/LinkedIn,￥49入门；粉丝360总,12-6,12-6,0,首销￥1万目标,活动,
68,12-7.日,02-行动计划,月2内容加速,事项1：周7复盘；事项2：LTV调查初，参考06-数据复盘与迭代/周/月KPI仪表盘,复盘；反馈10条,函数计算,字节云/Google Analytics,调查问卷,12-7,12-7,0,活跃≥70%,邀请,
69,12-8.一,02-行动计划,月2内容加速,事项1：付费测试深化，参考05-社群与用户管理/免费社群运营,10人转化,知识星球,飞书社区/Reddit,追踪LTV；新增9人,12-8,12-8,0,基于活跃,复盘,
70,12-9.二,02-行动计划,月2内容加速,事项1：数据优化启动；事项2：月2复盘，参考06-数据复盘与迭代/周/月KPI仪表盘,LTV≥20%,函数计算,字节云/Google Sheets,迭代钩子,12-9,12-9,0,粉丝380总,测试,
71,12-10.三,02-行动计划,月2内容加速,事项1：调查收集；事项2：规划周8，参考06-数据复盘与迭代/周/月KPI仪表盘,反馈20条,企业微信,飞书通讯/Google Forms,匿名鼓励,12-10,12-10,0,提炼洞察,优化,
72,12-11.四,02-行动计划,月2内容加速,事项1：优化迭代（内容调整），参考04-内容创作与输出/选题库与SOP,计划更新,腾讯文档,飞书/Google Docs,分享月2报告,12-11,12-11,0,粉丝400总,调查,
73,12-12.五,02-行动计划,月2内容加速,事项1：周8启动；事项2：LTV报告初，参考06-数据复盘与迭代/周/月KPI仪表盘,报告草稿,函数计算,字节云/Google Analytics,月2复盘,12-12,12-12,0,转化≥20%,迭代,
74,12-13.六,02-行动计划,月2内容加速,事项1：数据优化深化；事项2：备份，参考07-资源库/品牌资产,备份100%,RPA,字节云/Google Drive,风险管理,12-13,12-13,0,新增10人,报告,
74.5,12-13.六,07-资源库,月2资源同步,事项1：RGB资产更新（月2内容模板）；事项2：教程链接扩展（视频工具）,同步率100%,腾讯文档 + Canva,飞书/Notion,注入月2选题；多平台备份,12-13,12-13,0,支持内容加速,数据优化,
75,12-14.日,02-行动计划,月2内容加速,事项1：月2中复盘，参考06-数据复盘与迭代/周/月KPI仪表盘,KPI达80%,函数计算,字节云/Google Sheets,粉丝450总,12-14,12-14,0,规划收尾,备份,
76,12-15.一,02-行动计划,月2内容加速,事项1：调查续；事项2：内容预热月3，参考04-内容创作与输出/选题库与SOP,反馈30条,混元API,豆包AI/ChatGPT,钩子强化,12-15,12-15,0,LTV≥25%,复盘,
77,12-16.二,02-行动计划,月2内容加速,事项1：周8复盘；事项2：月2报告输出，参考06-数据复盘与迭代/周/月KPI仪表盘,报告完成,腾讯文档,飞书/Google Docs,分享群内,12-16,12-16,0,粉丝480总,调查,
78,12-17.三,02-行动计划,月2内容加速,事项1：优化钩子测试，参考03-工具与技术栈/工具索引,测试率50%,云开发,字节云/Google Forms,模拟用户,12-17,12-17,0,转化≥20%,报告,
79,12-18.四,02-行动计划,月2内容加速,事项1：备份月2日志；事项2：过渡月3，参考07-资源库/品牌资产,日志更新,腾讯文档,飞书/OneNote,历史记录,12-18,12-18,0,风险总结,测试,
80,12-19.五,02-行动计划,月2内容加速,事项1：月2收尾（KPI验证）；事项2：规划月3，参考02-行动计划/千锤百问.汇总v3_百日千粉行动计划脑图,粉丝500总,函数计算,字节云/Google Sheets,分享总结,12-19,12-19,0,活跃≥70%,日志,
80.5,12-19.五,03-工具与技术栈,全链路校验,事项1：RPA+星球自动化测试；事项2：API限额预付,就绪率≥90%,RPA + 函数计算,字节云/Zapier,月3裂变模拟；预算<100元,12-19,12-19,50,支持社群02+,月2收尾,
81,12-20.六,02-行动计划,月2内容加速,事项1：月2最终报告，参考06-数据复盘与迭代/周/月KPI仪表盘,月2达标90%,RPA,字节云/Google Analytics,粉丝600近；规划裂变,12-20,12-20,0,LTV≥30%,规划,
82,12-21.日,05-社群裂变,月3社群裂变,事项1：规划周9联动；事项2：直播脚本2套，参考04-内容创作与输出/选题库与SOP,脚本2套；新增10人,混元API,豆包AI/ChatGPT,AI生成；RGB视觉,12-21,12-21,99,主题“下半场领航”；月3启动,月2报告,
83,12-22.一,05-社群裂变,月3社群裂变,事项1：全平台推广准备；事项2：复盘，参考05-社群与用户管理/免费社群运营,准备100%,RPA + 剪映,字节云/StreamYard,跨平台钩子；粉丝610总,12-22,12-22,0,互动≥70%,脚本,
84,12-23.二,05-社群裂变,月3社群裂变,事项1：直播1次执行（答疑），参考05-社群与用户管理/免费社群运营,观看≥100,腾讯会议,飞书会议/Zoom,实时裂变邀请,12-23,12-23,0,PDF下载追踪；新增12人,准备,
85,12-24.三,05-社群裂变,月3社群裂变,事项1：周9复盘；事项2：直播2准备，参考06-数据复盘与迭代/周/月KPI仪表盘,复盘；观看150总,函数计算,字节云/Google Analytics,数据可视,12-24,12-24,0,转化≥30%,直播1,
86,12-25.四,05-社群裂变,月3社群裂变,事项1：直播2执行；事项2：反馈收集，参考05-社群与用户管理/免费社群运营,2次直播；粉丝630总,腾讯会议,飞书会议/Teams,8折裂变,12-25,12-25,0,活跃测试,复盘,
87,12-26.五,05-社群裂变,月3社群裂变,事项1：产品上线准备（星球￥499），参考05-社群与用户管理/免费社群运营,注册准备,知识星球,飞书社区/Discord,会员专属；新增15人,12-26,12-26,0,周10启动,直播2,
88,12-27.六,05-社群裂变,月3社群裂变,事项1：上线推广群内；事项2：个性化邀请，参考05-社群与用户管理/免费社群运营,注册20人,微信 + 星球,飞书群组/Google Forms,群推送；粉丝650总,12-27,12-27,0,转化≥30%,准备,
89,12-28.日,05-社群裂变,月3社群裂变,事项1：首日数据监测；事项2：优化欢迎，参考06-数据复盘与迭代/周/月KPI仪表盘,数据追踪,函数计算,字节云/Google Analytics,LTV报告初,12-28,12-28,0,首月￥2万,推广,
90,12-29.一,05-社群裂变,月3社群裂变,事项1：周10复盘，参考06-数据复盘与迭代/周/月KPI仪表盘,复盘100%,函数计算,字节云/Google Sheets,调整欢迎；新增18人,12-29,12-29,0,粉丝670总,数据,
91,12-30.二,05-社群裂变,月3社群裂变,事项1：视频3条草稿（会员专属）；事项2：积分兑换测试，参考04-内容创作与输出/选题库与SOP,草稿3条,混元API + 剪映,豆包AI/CapCut,日1条；粉丝680总,12-30,12-30,0,嵌入故事,复盘,
92,12-31.三,05-社群裂变,月3社群裂变,事项1：视频1发布；事项2：互荐活动，参考05-社群与用户管理/免费社群运营,视频1条；复购5%,剪映 + RPA,字节视频/StreamYard,8折激励,12-31,12-31,0,观看≥70%,草稿,
93,1-1.四,05-社群裂变,月3社群裂变,事项1：元旦缓冲（轻度互动+备份），参考07-资源库/品牌资产,活跃≥70%,RPA（备份）,字节云/Dropbox,节日分享；新增20人,1-1,1-1,0,风险备份,活动,
93.5,1-1.四,07-资源库,元旦备份增强,事项1：全项目资产包备份；事项2：应急IP包准备（备用视觉）,备份率100%,RPA + 腾讯文档,字节云/Dropbox,风险<5%；链接到06仪表盘,1-1,1-1,0,跨年风险管理,元旦互动,
94,1-2.五,05-社群裂变,月3社群裂变,事项1：周11启动；事项2：视频2产出，参考04-内容创作与输出/选题库与SOP,视频1条/日,剪映,字节视频/iMovie,会员内容；粉丝700总,1-2,1-2,0,积分兑换,备份,
95,1-3.六,05-社群裂变,月3社群裂变,事项1：转化加速互动；事项2：复盘，参考05-社群与用户管理/免费社群运营,互动20条,星球系统,飞书社区/Google Forms,互荐追踪,1-3,1-3,0,复购≥20%,视频2,
96,1-4.日,05-社群裂变,月3社群裂变,事项1：视频3完成，参考04-内容创作与输出/选题库与SOP,3条总；新增25人,混元API,豆包AI/Gemini,钩子视频,1-4,1-4,0,粉丝730总,互动,
97,1-5.一,05-社群裂变,月3社群裂变,事项1：周11复盘；事项2：LTV追踪深化，参考06-数据复盘与迭代/周/月KPI仪表盘,复盘；LTV≥30%,函数计算,字节云/Google Analytics,报告迭代,1-5,1-5,0,转化加速,视频3,
98,1-6.二,05-社群裂变,月3社群裂变,事项1：百天报告撰写；事项2：备份资产，参考07-资源库/品牌资产,报告草稿,函数计算,字节云/Google Docs,KPI回顾,1-6,1-6,0,粉丝760总,复盘,
99,1-7.三,05-社群裂变,月3社群裂变,事项1：收官仪式准备（直播），参考05-社群与用户管理/免费社群运营,准备100%,腾讯会议,飞书会议/Zoom,未来规划；新增40人,1-7,1-7,0,参与≥50%,报告,
100,1-8.四,05-社群裂变,月3社群裂变,事项1：百天收官直播；事项2：最终总结，链接全项目笔记,粉丝1000达标；收入￥5万,腾讯会议 + 文档,飞书会议/Google Docs,总结分享；项目闭环,1-8,1-8,0,LTV≥30%；备份全资产,准备,
101,1-8.四,06-数据复盘与迭代,全项目最终复盘,事项1：AARRR全链路验证；事项2：LTV报告最终版,迭代完成100%,函数计算 + RPA,字节云/Google Analytics,首月￥1万验证；风险总结,1-8,1-8,0,增长引擎闭环,收官直播,
102,1-9.五,07-资源库,项目资产归档,事项1：IP资产包最终打包（RGB/PDF/教程）；事项2：多平台同步备份,资产完整100%,腾讯文档 + RPA,字节云/Dropbox,外部链接更新；<5%风险,1-9,1-9,0,可持续IP维护,最终复盘,
103,1-10.六,02-行动计划,后项目优化,事项1：粉丝反馈循环启动；事项2：月4规划草稿,反馈率≥50%,企业微信 + 知识星球,飞书/LinkedIn,扩展“人生下半场”主题,1-10,1-10,0,续粉路径,资产归档,
104,1-11.日,05-社群与用户管理,LTV长期追踪,事项1：付费社群维护SOP；事项2：复购活动预热,复购≥30%,知识星球 + 函数计算,飞书社区/Airtable,8折推荐循环；活跃≥70%,1-11,1-11,0,收入￥2-5万路径,反馈循环,
105,1-12.一,04-内容创作与输出,内容库扩展,事项1：月3选题总结；事项2：多魔汰优化回顾,选题库+20%,混元API + 多魔汰,豆包AI/Notion,注入百天洞察；RGB一致,1-12,1-12,0,支持续期产出,LTV追踪,
106,1-13.二,03-工具与技术栈,工具迭代,事项1：API/RPA升级检查；事项2：故障切换测试,就绪率≥95%,阿里RPA + 腾讯混元,字节云/Zapier,限额预付<100元；豆包备选,1-13,1-13,50,自动化增强,内容扩展,
107,1-14.三,06-数据复盘与迭代,财务推演更新,事项1：总收入验证；事项2：预算子拆解报告,预算<900总,函数计算,字节云/Google Sheets,工具100/内容50/社群150,1-14,1-14,0,风险<5%,工具迭代,
108,1-15.四,07-资源库,应急包完善,事项1：备用视觉/教程收集；事项2：Obsidian插件优化（Dataview查询）,应急就绪100%,Canva + 腾讯文档,Notion/Miro,主题日法文档；Canvas可视化,1-15,1-15,0,零成本备选,财务报告,
109,1-16.五,02-行动计划,百日回顾,事项1：脑图/Gantt更新；事项2：KPI仪表盘归档,回顾100%,Mermaid + 函数计算,飞书/Miro,粉丝1000路径总结,1-16,1-16,0,项目2.0规划,应急包,
110,汇总,全项目,整体状态,覆盖率：工具/资源/社群就绪；冲突修复完成,1000粉丝/￥5万收入,全栈集成,多备选方案,主题日法执行；预算<900,10-1,1-16,300/月,一致性95%；风险管理,全行,规划中
